claim_id,claim_text,claim_class,tier,source_id,locator,support,verification_status,verifications,scenario_dependent,notes
CLM-0001,"AEMO received 44 GW of data centre connection requests from NSPs in the 2025 IASR process",factual,1,SRC-OXF-2025-PHANTOM,briefing p1,direct,verified,"3-0 adversarial 2026-07-16",no,"AWS conflict flagged; also corroborated in SRC-OXF-2025-DCED"
CLM-0002,"About 6 in every 7 MW of those requests are estimated to be phantom demand under Step Change",factual,1,SRC-OXF-2025-PHANTOM,briefing p1,direct,verified,"3-0 adversarial 2026-07-16",yes,"Scenario-dependent (Step Change); AWS conflict flagged"
CLM-0003,"Filtering for likelihood to proceed and duplicate applications reduces the 44 GW stock to about 7.9 GW of prospective projects; about 6 GW required under Step Change",factual,1,SRC-OXF-2025-PHANTOM,briefing p1-2,direct,verified,"3-0 adversarial 2026-07-16",yes,"AWS conflict flagged"
CLM-0004,"Proceeding projects (about 6 GW requested) are expected to draw about 2.8 GW at maturity",factual,1,SRC-OXF-2025-PHANTOM,briefing p2,direct,verified,"3-0 adversarial 2026-07-16",yes,"AWS conflict flagged; requests sized on peak plus redundancy buffers"
CLM-0005,"Nearly 90 per cent of phantom demand is projects that will not proceed; requests characterised as firms competing to lock in scarce capacity",factual,1,SRC-OXF-2025-PHANTOM,briefing p2,direct,verified,"3-0 adversarial 2026-07-16",yes,"AWS conflict flagged"
CLM-0006,"AEMC Package 2 exists; draft determination 12 March 2026 consolidating three rule change requests originating from AEMO (April 2024)",institutional,1,SRC-AEMC-2026-P2,project page,direct,verified,"3-0 adversarial 2026-07-16",no,
CLM-0007,"Draft rule raises the large inverter-based load threshold from 5 MW to 30 MW embedded in the NER",institutional,1,SRC-AEMC-2026-P2,project page,direct,verified,"3-0 adversarial 2026-07-16",no,
CLM-0008,"Package 2 is a system-security reform (disturbance ride-through); it does not address connection-capacity allocation, queues or pricing",institutional,1,SRC-AEMC-2026-P2,project page,direct,verified,"3-0 adversarial 2026-07-16",no,"Load-bearing for the paper's vacuum framing"
CLM-0009,"Stakeholder feedback on the draft determination was due 7 May 2026",institutional,2,SRC-AEMC-2026-MR,media release,direct,verified,"3-0 adversarial 2026-07-16",no,
CLM-0010,"Three-tier classification proposed for distribution-connected loads (up to 30 MW; 30-100 MW; 100 MW plus)",institutional,2,SRC-AEMC-2026-MR,media release,direct,verified,"3-0 adversarial 2026-07-16",no,
CLM-0011,"Oxford Economics Australia Data Centre Energy Demand Final Report (July 2025) exists, AEMO-commissioned for the 2025 IASR, hosted on AEMO's site",factual,2,SRC-OXF-2025-DCED,title page,direct,verified,"3-0 adversarial 2026-07-16",no,
CLM-0012,"The 44 GW / 6-in-7 / 6 GW figures appear in the AEMO-hosted report itself",factual,1,SRC-OXF-2025-DCED,report body,direct,verified,"2-0 adversarial 2026-07-16",yes,
CLM-0013,"Step Change: data centre consumption growing 25.1 per cent average annual rate to 12.0 TWh by FY30 and 34.5 TWh by FY50",factual,1,SRC-OXF-2025-DCED,report body,direct,single_extraction,"0 votes (rate limit)",yes,"Promote at PH1-EVD-001"
CLM-0014,"FY25 baseline 3.9 TWh (1.4 TWh FY18); about 2 per cent of NEM grid-supplied consumption; over 98 per cent distribution-connected; about 1.5 per cent transmission-connected",factual,1,SRC-OXF-2025-DCED,report body,direct,single_extraction,"0 votes (rate limit)",no,"Load-bearing for dual-level scoping"
CLM-0015,"AEMC extended the Package 2 final determination to 29 October 2026",institutional,1,SRC-AEMC-2026-P2,project page,direct,single_extraction,"0 votes (rate limit)",no,"Drives the regulatory watch calendar"
CLM-0016,"Data | Power is a speech by AEMC Commissioner Rainer Korte, 28 April 2026, Melbourne",factual,3,SRC-AEMC-2026-KORTE,page header,direct,single_extraction,"0 votes (rate limit)",no,
CLM-0017,"AEMO QED March quarter 2026: 11 projects above 5 MW totalling 5.4 GW in the transmission connection process; about 60 per cent NSW, 40 per cent Victoria; about two years application to energisation; 5 to 10 year assumed ramp",factual,1,SRC-CS-2026-QED,blog body,partial,single_extraction,"0 votes (rate limit)",no,"Blog-quality source; MUST confirm against AEMO QED primary before use"
CLM-0018,"DISR Expectations released 23 March 2026; five expectations; enforced via prioritisation in Commonwealth regulatory assessments",institutional,1,SRC-DISR-2026-EXP,publication page,direct,single_extraction,"0 votes (rate limit)",no,"Incumbent Australian soft screen"
CLM-0019,"United Energy Dec 2025: 27 proponent requests totalling about 1679 MW across Victorian Power Networks since November 2024; expected capacity 44 per cent below pipeline; 85 per cent customer contribution rate accepted; capital-contribution tax from 1 July 2026",factual,1,SRC-AER-2025-UE,business case,direct,single_extraction,"0 votes (rate limit); quotes via search index",no,"Confirm by direct document access"
CLM-0020,"FERC issued six show cause orders under FPA s206 on 18 June 2026 to PJM, MISO, SPP, CAISO, ISO-NE, NYISO; 60-day responses; five reform categories; resource adequacy reports due about 20 July 2026",institutional,1,SRC-FERC-2026-SC,news release,direct,single_extraction,"0 votes (rate limit)",no,
CLM-0021,"PUCT draft rule 16 TAC 25.194 (published 12 March 2026): USD 50000 per MW non-refundable fee, site control 5 years beyond contracted peak-demand date, duplicate-request disclosure with materiality thresholds, 100 per cent up-front direct costs; SB6 mandates curtailment capability for post-2025 loads",institutional,1,SRC-GT-2026-TX,client alert,direct,single_extraction,"0 votes (rate limit)",no,"Key mechanism calibration anchors"
CLM-0022,"ERCOT Batch Zero approved 18 June 2026: clustered study for 75 MW plus loads, maturity criteria, curtailable pathway, inclusion notices August 2026, transmission plan fall 2027; ERCOT tracking over 438 GW of large-load requests, about 90 per cent data centres",institutional,1,SRC-UD-2026-ERCOT,article,direct,single_extraction,"0 votes (rate limit)",no,
CLM-0023,"GB TMO4+ Gate 2 requires exclusive land rights and validated planning; demand projects deemed needed and face only the readiness test; Ofgem approved in 2025",institutional,1,SRC-NRF-2025-TMO4,briefing,direct,single_extraction,"0 votes (rate limit)",no,"Gen/load asymmetry worth analysing"
CLM-0024,"CRU/2025/236 (12 December 2025): matched dispatchable generation or storage participating in the wholesale market; at least 80 per cent annual demand from additional RoI renewables with 6-year glide path (1 MVA threshold); location-specific constrained/unconstrained assessment; SO capacity-transparency obligation",institutional,1,SRC-CRU-2025-236,decision news,direct,single_extraction,"0 votes (rate limit)",no,
CLM-0025,"Johnston Liu Yang (NBER 31946): most queue entrants never complete; longer queues raise waiting times; screening and flat entry fees increase completed capacity; dynamic structural model; generation-side",factual,1,SRC-NBER-2023-31946,abstract and paper,direct,single_extraction,"0 votes (rate limit)",no,"Closest paper 1"
CLM-0026,"Norris et al (Duke): 76/98/126 GW US load integrable at 0.25/0.5/1.0 per cent curtailment; durations 1.7-2.5 h; about 90 per cent of curtailment hours retain at least half the load; ERCOT about 15 GW",factual,1,SRC-DUKE-2025-RLG,report,direct,single_extraction,"0 votes (rate limit)",no,"Closest paper 2"
CLM-0027,"Knittel Senga Wang: flexibility cuts system costs up to about 5 per cent (TX), 4 per cent (Mid-Atlantic), 2 per cent (WECC); emissions can rise about 3 per cent in low-renewables grids; GenX model",factual,1,SRC-MIT-2025-FDC,working paper,direct,single_extraction,"0 votes (rate limit)",no,"Closest paper 3; iScience 2026 journal version"
CLM-0028,"Kay Reaser Taylor (Dallas Fed WP 2606): existing US data centres raised wholesale prices about 3-5 per cent; 2028 scenarios +20 to +50 per cent; hourly unit-level dispatch model",factual,1,SRC-FED-2026-2606,working paper,direct,single_extraction,"0 votes (rate limit)",no,"Closest paper 4; corrects v1.0 attribution"
CLM-0029,"Riepin Zavala Brown (AAE 17 100202): 24/7 CFE cost falls 1.29 plus/minus 0.07 EUR/MWh per percentage point of flexible load; open-source model",factual,1,SRC-RZB-2025-STLS,journal article,direct,single_extraction,"0 votes (rate limit)",no,"Closest paper 5"
