source_id,apa7_reference,source_type,url,access_date,primary_or_secondary,peer_reviewed,jurisdiction,verification_status,conflict_flag,notes
SRC-AEMC-2026-P2,"Australian Energy Market Commission. (2026, March 12). Improving the NEM access standards - Package 2: Draft determination.",regulator_rule_change,https://www.aemc.gov.au/rule-changes/improving-nem-access-standards-package-2,2026-07-16,primary,no,AU,verified,none,"Security standards; final determination due 2026-10-29"
SRC-AEMC-2026-MR,"Australian Energy Market Commission. (2026). AEMC proposes new grid standards for data centre connections [Media release].",regulator_media,https://www.aemc.gov.au/news-centre/media-releases/aemc-proposes-new-grid-standards-data-centre-connections,2026-07-16,primary,no,AU,verified,none,
SRC-AEMC-2026-KORTE,"Korte, R. (2026, April 28). Data | Power: Navigating policy, regulation and networks [Speech]. Australian Energy Market Commission.",speech,https://www.aemc.gov.au/news-centre/speeches/data-power-navigating-policy-regulation-and-networks,2026-07-16,primary,no,AU,single_extraction,none,"Speech, not Commission report"
SRC-OXF-2025-DCED,"Oxford Economics Australia. (2025, July). Data centre energy demand: Final report. Commissioned by AEMO.",commissioned_report,https://www.aemo.com.au/-/media/files/stakeholder_consultation/consultations/nem-consultations/2024/2025-iasr-scenarios/final-docs/oxford-economics-australia-data-centre-energy-consumption-report.pdf,2026-07-16,primary,no,AU,verified,none,"AEMO-commissioned for 2025 IASR"
SRC-OXF-2025-PHANTOM,"Oxford Economics. (2025, November). Estimating data centre phantom demand [Research briefing].",commissioned_briefing,https://datacentres.org.au/wp-content/uploads/2026/02/2025-11_Oxford-Phantom-Demand-Research-Briefing.pdf,2026-07-16,primary,no,AU,verified,AWS_commissioned,"Conflict: commissioned by AWS"
SRC-AER-2025-UE,"United Energy. (2025, December). Data centre connections business case [Regulatory proposal document]. Australian Energy Regulator.",regulatory_filing,https://www.aer.gov.au/system/files/2025-12/UE%20RRP%20BUS%203.6.01%20%E2%80%93%20Data%20centre%20connections%20%E2%80%93%20Dec2025%20%E2%80%93%20Public.pdf,2026-07-16,primary,no,AU,single_extraction,none,"Quotes via search index; direct fetch blocked; confirm"
SRC-DISR-2026-EXP,"Department of Industry, Science and Resources. (2026, March 23). Expectations of data centres and AI infrastructure developers.",government_policy,https://www.industry.gov.au/publications/expectations-data-centres-and-ai-infrastructure-developers,2026-07-16,primary,no,AU,single_extraction,none,
SRC-CS-2026-QED,"Certified Strategic. (2026, June). AEMO 5.4 GW Australian data centre pipeline [Blog summary of AEMO QED Q1 2026].",blog,https://certifiedstrategic.com/insights/aemo-5-4gw-australian-data-centre-pipeline-june-2026,2026-07-16,secondary,no,AU,single_extraction,none,"Discovery only; confirm vs AEMO QED primary"
SRC-FERC-2026-SC,"Federal Energy Regulatory Commission. (2026, June 18). FERC launches aggressive targeted action to speed large load integration [News release].",regulator_media,https://www.ferc.gov/news-events/news/ferc-launches-aggressive-targeted-action-speed-large-load-integration,2026-07-16,primary,no,US,single_extraction,none,
SRC-GT-2026-TX,"Greenberg Traurig. (2026, March). Texas Senate Bill 6 update: Proposed interconnection standards [Client alert].",law_firm_alert,https://www.gtlaw.com/en/insights/2026/3/texas-senate-bill-6-update-what-data-centers-large-load-customers-should-know-about-proposed-interconnection-standards,2026-07-16,secondary,no,US-TX,single_extraction,none,
SRC-UD-2026-ERCOT,"Utility Dive. (2026, June 22). Texas, facing 438-GW queue, approves initial large load interconnection process.",trade_press,https://www.utilitydive.com/news/texas-facing-438-gw-queue-approves-initial-large-load-interconnection-pro/823367/,2026-07-16,secondary,no,US-TX,single_extraction,none,
SRC-NRF-2025-TMO4,"Norton Rose Fulbright. (2025). First ready, first connected: Reform to GB electricity grid connections [Briefing].",law_firm_alert,https://www.nortonrosefulbright.com/en/knowledge/publications/5567f27c/first-ready-first-connected-reform-to-gb-electricity-grid-connections,2026-07-16,secondary,no,GB,single_extraction,none,"Partially pre-dates Ofgem approval"
SRC-CRU-2025-236,"Commission for Regulation of Utilities. (2025, December 12). Large Energy Users Connection Policy (CRU/2025/236) [Decision].",regulator_decision,https://www.cru.ie/about-us/news/the-cru-publishes-its-decision-on-new-electricity-connection-policy-for-data-centres/,2026-07-16,primary,no,IE,single_extraction,none,
SRC-NBER-2023-31946,"Johnston, S., Liu, Y., & Yang, C. (2023). An empirical analysis of the interconnection queue (NBER Working Paper 31946).",working_paper,https://www.nber.org/papers/w31946,2026-07-16,primary,working_paper,US,single_extraction,none,"Closest paper 1"
SRC-DUKE-2025-RLG,"Norris, T. H., Profeta, T., Patino-Echeverri, D., & Cowie-Haskell, A. (2025, February 13). Rethinking load growth. Duke University Nicholas Institute.",report,https://nicholasinstitute.duke.edu/news/issue/16509,2026-07-16,primary,no,US,single_extraction,none,"Closest paper 2"
SRC-MIT-2025-FDC,"Knittel, C. R., Senga, J. R. L., & Wang, S. (2025). Flexible data centers and the grid: Lower costs, higher emissions? (MIT CEEPR WP 2025-14; NBER w34065; iScience 2026).",working_paper,https://ceepr.mit.edu/workingpaper/flexible-data-centers-and-the-grid-lower-costs-higher-emissions/,2026-07-16,primary,journal_2026,US,single_extraction,none,"Closest paper 3"
SRC-FED-2026-2606,"Kay, O., Reaser, R., & Taylor, R. (2026, March). Processing power: The effect of data centers on wholesale electricity markets (Dallas Fed WP 2606).",working_paper,https://www.dallasfed.org/research/papers/2026/wp2606,2026-07-16,primary,working_paper,US,single_extraction,none,"Closest paper 4; corrects v1.0 attribution"
SRC-RZB-2025-STLS,"Riepin, I., Zavala, V. M., & Brown, T. (2025). Spatio-temporal load shifting for truly clean computing. Advances in Applied Energy, 17, 100202.",journal_article,https://arxiv.org/abs/2405.00036,2026-07-16,primary,yes,EU,single_extraction,none,"Closest paper 5; open-source code Zenodo 10869650"
SRC-AEMO-2026-ISP,"Australian Energy Market Operator. (2026). 2026 Integrated System Plan.",planning_document,TO_BE_CONFIRMED,2026-07-16,primary,no,AU,to_be_confirmed,none,"Fetch failed; confirm publication status"
SRC-ENTSOE-2026-DC,"ENTSO-E. (2026). Data centres and the power system.",report,TO_BE_CONFIRMED,2026-07-16,primary,no,EU,to_be_confirmed,none,"Not located; verify or drop"
